genotype,fish
wt,2
wt,14
wt,18
wt,24
wt,28
wt,29
wt,30
wt,54
wt,58
wt,61
wt,68
wt,75
wt,76
wt,78
wt,80
wt,86
wt,96
het,1
het,3
het,5
het,6
het,8
het,10
het,15
het,19
het,22
het,33
het,36
het,38
het,40
het,43
het,44
het,47
het,49
het,51
het,52
het,53
het,55
het,57
het,59
het,62
het,65
het,71
het,72
het,73
het,74
het,77
het,88
het,90
het,93
het,95
mut,4
mut,11
mut,12
mut,13
mut,20
mut,21
mut,23
mut,27
mut,35
mut,39
mut,46
mut,56
mut,60
mut,64
mut,66
mut,67
mut,69
mut,87
mut,89
mut,92
mut,79
mut,81
